stop_id,stop_name,stop_lon,stop_lat,route,sequence
st_r7_shape_7_0000,st_r7_shape_7_0000,-97.8532,22.21717,r7,0
st_r7_shape_7_0001,st_r7_shape_7_0001,-97.8528776586033,22.2159275878529,r7,1
st_r7_shape_7_0002,st_r7_shape_7_0002,-97.8537669347945,22.2143219669066,r7,2
st_r7_shape_7_0003,st_r7_shape_7_0003,-97.8546561900845,22.2127163399301,r7,3
st_r7_shape_7_0004,st_r7_shape_7_0004,-97.8556955204287,22.2127802255778,r7,4
st_r7_shape_7_0005,st_r7_shape_7_0005,-97.8548176912004,22.2143912954362,r7,5
st_r7_shape_7_0006,st_r7_shape_7_0006,-97.8539398412516,22.2160023593953,r7,6
st_r7_shape_7_0007,st_r7_shape_7_0007,-97.8530628707427,22.2176138414862,r7,7
st_r7_shape_7_0008,st_r7_shape_7_0008,-97.8521889698713,22.2192267734365,r7,8
st_r7_shape_7_0009,st_r7_shape_7_0009,-97.8513150483356,22.2208396995293,r7,9
st_r7_shape_7_0010,st_r7_shape_7_0010,-97.8504411061329,22.2224526197632,r7,10
st_r7_shape_7_0011,st_r7_shape_7_0011,-97.8495671432608,22.2240655341373,r7,11
st_r7_shape_7_0012,st_r7_shape_7_0012,-97.8487057798087,22.2256842748492,r7,12
st_r7_shape_7_0013,st_r7_shape_7_0013,-97.8478544317886,22.2273076478096,r7,13
st_r7_shape_7_0014,st_r7_shape_7_0014,-97.8470557520627,22.2289536180993,r7,14
st_r7_shape_7_0015,st_r7_shape_7_0015,-97.8467613517352,22.2306844530958,r7,15
st_r7_shape_7_0016,st_r7_shape_7_0016,-97.8476218996794,22.2322710609288,r7,16
st_r7_shape_7_0017,st_r7_shape_7_0017,-97.8485128925473,22.2338719875384,r7,17
st_r7_shape_7_0018,st_r7_shape_7_0018,-97.8490821407688,22.2355976570896,r7,18
st_r7_shape_7_0019,st_r7_shape_7_0019,-97.8500019494894,22.2371262766742,r7,19
st_r7_shape_7_0020,st_r7_shape_7_0020,-97.8518462777973,22.2376879588293,r7,20
st_r7_shape_7_0021,st_r7_shape_7_0021,-97.8532453172312,22.238909369371,r7,21
st_r7_shape_7_0022,st_r7_shape_7_0022,-97.8539750974262,22.2405681574203,r7,22
st_r7_shape_7_0023,st_r7_shape_7_0023,-97.8549768791096,22.2420950472728,r7,23
st_r7_shape_7_0024,st_r7_shape_7_0024,-97.8553897331847,22.2438229867238,r7,24
st_r7_shape_7_0025,st_r7_shape_7_0025,-97.8551901434409,22.245619123692,r7,25
st_r7_shape_7_0026,st_r7_shape_7_0026,-97.8550199963657,22.2474049139783,r7,26
st_r7_shape_7_0027,st_r7_shape_7_0027,-97.8547010129235,22.2491110008738,r7,27
st_r7_shape_7_0028,st_r7_shape_7_0028,-97.8546466759936,22.2508471967286,r7,28
st_r7_shape_7_0029,st_r7_shape_7_0029,-97.8539498656807,22.2525266688616,r7,29
st_r7_shape_7_0030,st_r7_shape_7_0030,-97.8533297144001,22.2542384333962,r7,30
st_r7_shape_7_0031,st_r7_shape_7_0031,-97.8526877219297,22.2559432740929,r7,31
st_r7_shape_7_0032,st_r7_shape_7_0032,-97.852041429608,22.2576467079361,r7,32
st_r7_shape_7_0033,st_r7_shape_7_0033,-97.8513947767889,22.2593500255048,r7,33
st_r7_shape_7_0034,st_r7_shape_7_0034,-97.8507481074344,22.2610533394856,r7,34
st_r7_shape_7_0035,st_r7_shape_7_0035,-97.8501014215421,22.2627566498777,r7,35
st_r7_shape_7_0036,st_r7_shape_7_0036,-97.84945471911,22.2644599566805,r7,36
st_r7_shape_7_0037,st_r7_shape_7_0037,-97.8488080001358,22.2661632598933,r7,37
st_r7_shape_7_0038,st_r7_shape_7_0038,-97.8481612646173,22.2678665595155,r7,38
st_r7_shape_7_0039,st_r7_shape_7_0039,-97.8475145125524,22.2695698555463,r7,39
st_r7_shape_7_0040,st_r7_shape_7_0040,-97.8468677439388,22.2712731479851,r7,40
st_r7_shape_7_0041,st_r7_shape_7_0041,-97.8462209587744,22.2729764368312,r7,41
st_r7_shape_7_0042,st_r7_shape_7_0042,-97.8454412855808,22.2745644798367,r7,42
st_r7_shape_7_0043,st_r7_shape_7_0043,-97.8447967817448,22.2759653893682,r7,43
st_r7_shape_7_0044,st_r7_shape_7_0044,-97.8431155967201,22.2767415289406,r7,44
st_r7_shape_7_0045,st_r7_shape_7_0045,-97.8411789167254,22.2768625710449,r7,45
st_r7_shape_7_0046,st_r7_shape_7_0046,-97.8392388631403,22.2768900056816,r7,46
st_r7_shape_7_0047,st_r7_shape_7_0047,-97.8372981165575,22.2769090520586,r7,47
st_r7_shape_7_0048,st_r7_shape_7_0048,-97.8353578778082,22.2769609625593,r7,48
st_r7_shape_7_0049,st_r7_shape_7_0049,-97.8334174713272,22.2770070291771,r7,49
st_r7_shape_7_0050,st_r7_shape_7_0050,-97.8315037556079,22.2771925539697,r7,50
st_r7_shape_7_0051,st_r7_shape_7_0051,-97.8296644032832,22.2777696146357,r7,51
st_r7_shape_7_0052,st_r7_shape_7_0052,-97.82794522787,22.2783967351742,r7,52
st_r7_shape_7_0053,st_r7_shape_7_0053,-97.8287078869277,22.2800579774396,r7,53
st_r7_shape_7_0054,st_r7_shape_7_0054,-97.8276772048532,22.2811223717145,r7,54
st_r7_shape_7_0055,st_r7_shape_7_0055,-97.825955581042,22.2819568026033,r7,55
st_r7_shape_7_0056,st_r7_shape_7_0056,-97.8242363627757,22.2827885191737,r7,56
st_r7_shape_7_0057,st_r7_shape_7_0057,-97.8226740332184,22.2832727950598,r7,57
st_r7_shape_7_0058,st_r7_shape_7_0058,-97.8216597150777,22.2817325338701,r7,58
st_r7_shape_7_0059,st_r7_shape_7_0059,-97.8202529524507,22.2824747379515,r7,59
st_r7_shape_7_0060,st_r7_shape_7_0060,-97.8187728207258,22.2836435007636,r7,60
st_r7_shape_7_0061,st_r7_shape_7_0061,-97.817292664578,22.2848122488403,r7,61
st_r7_shape_7_0062,st_r7_shape_7_0062,-97.8158124840061,22.285980982179,r7,62
st_r7_shape_7_0063,st_r7_shape_7_0063,-97.8143322790088,22.2871497007776,r7,63
st_r7_shape_7_0064,st_r7_shape_7_0064,-97.8128491129393,22.2883151530917,r7,64
st_r7_shape_7_0065,st_r7_shape_7_0065,-97.8113573578116,22.2894711074484,r7,65
st_r7_shape_7_0066,st_r7_shape_7_0066,-97.8098655783549,22.2906270468542,r7,66
st_r7_shape_7_0067,st_r7_shape_7_0067,-97.8083737745682,22.2917829713068,r7,67
st_r7_shape_7_0068,st_r7_shape_7_0068,-97.8068328371342,22.2927526321465,r7,68
st_r7_shape_7_0069,st_r7_shape_7_0069,-97.8080831560649,22.2922357147933,r7,69
st_r7_shape_7_0070,st_r7_shape_7_0070,-97.80951258968,22.29101343829,r7,70
st_r7_shape_7_0071,st_r7_shape_7_0071,-97.8109988616124,22.2898514846684,r7,71
st_r7_shape_7_0072,st_r7_shape_7_0072,-97.8124970233122,22.2887027241115,r7,72
st_r7_shape_7_0073,st_r7_shape_7_0073,-97.8139951607439,22.2875539484917,r7,73
st_r7_shape_7_0074,st_r7_shape_7_0074,-97.8154932739085,22.2864051578113,r7,74
st_r7_shape_7_0075,st_r7_shape_7_0075,-97.8162703666542,22.288049327257,r7,75
st_r7_shape_7_0076,st_r7_shape_7_0076,-97.8170398706371,22.2897077683764,r7,76
st_r7_shape_7_0077,st_r7_shape_7_0077,-97.8177516021129,22.2913884842014,r7,77
st_r7_shape_7_0078,st_r7_shape_7_0078,-97.8186090366385,22.2922589643787,r7,78
st_r7_shape_7_0079,st_r7_shape_7_0079,-97.8196203856364,22.293587660302,r7,79
st_r7_shape_7_0080,st_r7_shape_7_0080,-97.821545020412,22.2936815184206,r7,80
st_r7_shape_7_0081,st_r7_shape_7_0081,-97.8209880990176,22.2947414038061,r7,81
st_r7_shape_7_0082,st_r7_shape_7_0082,-97.8196165400197,22.2954654008579,r7,82
st_r7_shape_7_0083,st_r7_shape_7_0083,-97.8193824741466,22.2968829636906,r7,83
st_r7_shape_7_0084,st_r7_shape_7_0084,-97.8196070699724,22.2953707003521,r7,84
st_r7_shape_7_0085,st_r7_shape_7_0085,-97.8210898388134,22.2947323447967,r7,85
st_r7_shape_7_0086,st_r7_shape_7_0086,-97.8214565255609,22.2936490338592,r7,86
st_r7_shape_7_0087,st_r7_shape_7_0087,-97.8195193329037,22.2935734275712,r7,87
st_r7_shape_7_0088,st_r7_shape_7_0088,-97.8185717508542,22.2921704099423,r7,88
st_r7_shape_7_0089,st_r7_shape_7_0089,-97.8177141304309,22.291299997848,r7,89
st_r7_shape_7_0090,st_r7_shape_7_0090,-97.8170023998064,22.2896192818798,r7,90
st_r7_shape_7_0091,st_r7_shape_7_0091,-97.8162296249966,22.2879621018427,r7,91
st_r7_shape_7_0092,st_r7_shape_7_0092,-97.8154144017675,22.2864656397831,r7,92
st_r7_shape_7_0093,st_r7_shape_7_0093,-97.8139162873253,22.2876144296707,r7,93
st_r7_shape_7_0094,st_r7_shape_7_0094,-97.812418148616,22.2887632044975,r7,94
st_r7_shape_7_0095,st_r7_shape_7_0095,-97.8109199856385,22.2899119642613,r7,95
st_r7_shape_7_0096,st_r7_shape_7_0096,-97.8094373333963,22.2910777891178,r7,96
st_r7_shape_7_0097,st_r7_shape_7_0097,-97.8080078984772,22.2923000648912,r7,97
st_r7_shape_7_0098,st_r7_shape_7_0098,-97.8068907568506,22.2926742702619,r7,98
st_r7_shape_7_0099,st_r7_shape_7_0099,-97.8084523157446,22.2917221145042,r7,99
st_r7_shape_7_0100,st_r7_shape_7_0100,-97.8099441182504,22.2905661892643,r7,100
st_r7_shape_7_0101,st_r7_shape_7_0101,-97.8114358964261,22.2894102490713,r7,101
st_r7_shape_7_0102,st_r7_shape_7_0102,-97.812927650273,22.2882542939276,r7,102
st_r7_shape_7_0103,st_r7_shape_7_0103,-97.8144102095339,22.2870881703827,r7,103
st_r7_shape_7_0104,st_r7_shape_7_0104,-97.8158904132452,22.2859194510081,r7,104
st_r7_shape_7_0105,st_r7_shape_7_0105,-97.8173705925312,22.2847507168933,r7,105
st_r7_shape_7_0106,st_r7_shape_7_0106,-97.8188507473931,22.2835819680409,r7,106
st_r7_shape_7_0107,st_r7_shape_7_0107,-97.8203308778322,22.282413204453,r7,107
st_r7_shape_7_0108,st_r7_shape_7_0108,-97.8217131164151,22.2818136257689,r7,108
st_r7_shape_7_0109,st_r7_shape_7_0109,-97.8227274356981,22.2833538866607,r7,109
st_r7_shape_7_0110,st_r7_shape_7_0110,-97.8243246715388,22.2827406505346,r7,110
st_r7_shape_7_0111,st_r7_shape_7_0111,-97.8260462216822,22.2819128719185,r7,111
st_r7_shape_7_0112,st_r7_shape_7_0112,-97.8277678444525,22.2810784400173,r7,112
st_r7_shape_7_0113,st_r7_shape_7_0113,-97.8286677339813,22.2799705163417,r7,113
st_r7_shape_7_0114,st_r7_shape_7_0114,-97.8279218762068,22.2783162743167,r7,114
st_r7_shape_7_0115,st_r7_shape_7_0115,-97.8297612419613,22.2777392340503,r7,115
st_r7_shape_7_0116,st_r7_shape_7_0116,-97.8316005935396,22.2771621722507,r7,116
st_r7_shape_7_0117,st_r7_shape_7_0117,-97.8335196318187,22.2770046690567,r7,117
st_r7_shape_7_0118,st_r7_shape_7_0118,-97.835460027614,22.2769582301522,r7,118
st_r7_shape_7_0119,st_r7_shape_7_0119,-97.8374002663484,22.2769063184273,r7,119
st_r7_shape_7_0120,st_r7_shape_7_0120,-97.8393410551971,22.2768900057352,r7,120
st_r7_shape_7_0121,st_r7_shape_7_0121,-97.8412808792175,22.2768561989931,r7,121
st_r7_shape_7_0122,st_r7_shape_7_0122,-97.8432175590963,22.2767351556649,r7,122
st_r7_shape_7_0123,st_r7_shape_7_0123,-97.8448587800744,22.2758897820948,r7,123
st_r7_shape_7_0124,st_r7_shape_7_0124,-97.8455349977144,22.274526548696,r7,124
st_r7_shape_7_0125,st_r7_shape_7_0125,-97.8462550111689,22.2728867620739,r7,125
st_r7_shape_7_0126,st_r7_shape_7_0126,-97.8469017954619,22.2711834730386,r7,126
st_r7_shape_7_0127,st_r7_shape_7_0127,-97.8475485632041,22.2694801804107,r7,127
st_r7_shape_7_0128,st_r7_shape_7_0128,-97.8481953143979,22.2677768841908,r7,128
st_r7_shape_7_0129,st_r7_shape_7_0129,-97.8488420490453,22.2660735843796,r7,129
st_r7_shape_7_0130,st_r7_shape_7_0130,-97.8494887671485,22.2643702809777,r7,130
st_r7_shape_7_0131,st_r7_shape_7_0131,-97.8501354687098,22.262666973986,r7,131
st_r7_shape_7_0132,st_r7_shape_7_0132,-97.8507821537313,22.2609636634049,r7,132
st_r7_shape_7_0133,st_r7_shape_7_0133,-97.8514288222152,22.2592603492352,r7,133
st_r7_shape_7_0134,st_r7_shape_7_0134,-97.8520754741638,22.2575570314776,r7,134
st_r7_shape_7_0135,st_r7_shape_7_0135,-97.8527215219952,22.2558535176325,r7,135
st_r7_shape_7_0136,st_r7_shape_7_0136,-97.8533635136004,22.2541486767491,r7,136
st_r7_shape_7_0137,st_r7_shape_7_0137,-97.8539819552874,22.2524363702177,r7,137
st_r7_shape_7_0138,st_r7_shape_7_0138,-97.8546963436736,22.2507640793227,r7,138
st_r7_shape_7_0139,st_r7_shape_7_0139,-97.8546876049436,22.2490167121761,r7,139
st_r7_shape_7_0140,st_r7_shape_7_0140,-97.8550641344107,22.2473191357168,r7,140
st_r7_shape_7_0141,st_r7_shape_7_0141,-97.8551948702122,22.2455241142651,r7,141
st_r7_shape_7_0142,st_r7_shape_7_0142,-97.8554018827743,22.2437285503232,r7,142
st_r7_shape_7_0143,st_r7_shape_7_0143,-97.8549155114693,22.2420190052546,r7,143
st_r7_shape_7_0144,st_r7_shape_7_0144,-97.8539402763352,22.2404787408624,r7,144
st_r7_shape_7_0145,st_r7_shape_7_0145,-97.8531745711264,22.2388407516343,r7,145
st_r7_shape_7_0146,st_r7_shape_7_0146,-97.8517491771074,22.2376583878628,r7,146
st_r7_shape_7_0147,st_r7_shape_7_0147,-97.8499048496218,22.237096704637,r7,147
st_r7_shape_7_0148,st_r7_shape_7_0148,-97.8490532838647,22.2355064189339,r7,148
st_r7_shape_7_0149,st_r7_shape_7_0149,-97.8484707613943,22.2337853409198,r7,149
st_r7_shape_7_0150,st_r7_shape_7_0150,-97.847568434503,22.2321900148604,r7,150
st_r7_shape_7_0151,st_r7_shape_7_0151,-97.8467530098784,22.2305896595155,r7,151
st_r7_shape_7_0152,st_r7_shape_7_0152,-97.8470964097749,22.2288663640594,r7,152
st_r7_shape_7_0153,st_r7_shape_7_0153,-97.8478992541135,22.2272221805187,r7,153
st_r7_shape_7_0154,st_r7_shape_7_0154,-97.8487506010644,22.2255988072629,r7,154
st_r7_shape_7_0155,st_r7_shape_7_0155,-97.8496131562227,22.2239806174768,r7,155
st_r7_shape_7_0156,st_r7_shape_7_0156,-97.8504871180066,22.2223677027942,r7,156
st_r7_shape_7_0157,st_r7_shape_7_0157,-97.8513610591211,22.2207547822518,r7,157
st_r7_shape_7_0158,st_r7_shape_7_0158,-97.8522349795688,22.2191418558506,r7,158
st_r7_shape_7_0159,st_r7_shape_7_0159,-97.8531088793523,22.217528923592,r7,159
st_r7_shape_7_0160,st_r7_shape_7_0160,-97.8539860588618,22.2159175401566,r7,160
st_r7_shape_7_0161,st_r7_shape_7_0161,-97.8548639077196,22.2143064758868,r7,161
st_r7_shape_7_0162,st_r7_shape_7_0162,-97.8557417358571,22.2126954057179,r7,162
st_r7_shape_7_0163,st_r7_shape_7_0163,-97.8546093730432,22.2128008732197,r7,163
st_r7_shape_7_0164,st_r7_shape_7_0164,-97.8537201166529,22.2144064998788,r7,164
st_r7_shape_7_0165,st_r7_shape_7_0165,-97.8528308393612,22.2160121205077,r7,165
st_r7_shape_7_0166,st_r7_shape_7_0166,-97.8524,22.21679,r7,166
